对象名称,对象层级,belongsto,version,核心功能描述（用于向量化）
O_Object,Ontology,-,1.0.0,"所有本体对象的根类型，定义通用元信息字段objectId和objectType。在现实世界中对应任何可被识别和追踪的业务实体的抽象表达，是知识图谱中所有节点的最上层抽象。"
O_Asset,Ontology,O_Object,1.0.0,"机场资产的抽象基类，描述所有物理资产的通用属性如资产标识、类型、位置和运行状态。在现实世界中对应机场内部可被分配、占用、维护的各类实体资源，包括但不限于机场设施、跑道、登机口、机位和飞机。"
O_Airport,Ontology,O_Asset,1.0.0,"机场本体，描述民航机场的基本信息和全球标识符。在现实世界中对应具备起降能力的民用航空机场实体，通过ICAO四字码和IATA三字码在全球范围内唯一标识，包含时区信息用于航班时间计算。"
O_Runway,Ontology,O_Asset,1.0.0,"跑道本体，描述机场跑道的物理属性、仪表着陆等级和运行状态。在现实世界中对应机场内供飞机起飞和降落的铺装地带，通过跑道编号（如01L/19R）标识方向，具备长度、宽度、道面类型等物理特征，并受CAT等级限制其全天候运行能力。"
O_Gate,Ontology,O_Asset,1.0.0,"登机口本体，描述航站楼登机口的类型、位置和适配机型范围。在现实世界中对应航站楼内旅客登机的物理接口，分为廊桥登机口（Contact）和远机位登机口（Remote），每个登机口有固定的航站楼归属和机型适配限制。"
O_ParkingStand,Ontology,O_Asset,1.0.0,"机位本体，描述停机坪上飞机停放位置的类型和适用机型范围。在现实世界中对应机场停机坪上标识的飞机停放区域，根据停放方式分为接触式机位、远机位和货运机位，每个机位有机型类别限制（如窄体机、宽体机）。"
O_Aircraft,Ontology,O_Asset,1.0.0,"飞机本体，描述民航飞机的注册信息、型号分类和当前运行状态。在现实世界中对应具备适航证的民用航空器实体，通过机身注册号全球唯一标识，具备型号（如A320、B737）、运营人、当前位置和技术状态（在役、维修、AOG停场）等属性。"
O_Actor,Ontology,O_Object,1.0.0,"行为主体的抽象基类，表示在航班运行场景中能够主动执行动作、发出指令或产生事件的实体。在现实世界中对应具备决策能力和执行权限的组织单元或信息系统，包括空管单位、塔台、外部业务系统等。"
O_Tower,Ontology,O_Actor,1.0.0,"塔台本体，描述机场塔台管制单位的管辖范围和通信频率。在现实世界中对应机场塔台实体，负责地面滑行、起飞降落的指挥管制，按照管制类型分为地面管制（Ground）、塔台管制（Tower）和进近管制（Approach），通过无线电频率与航班通信。"
O_ATCUnit,Ontology,O_Actor,1.0.0,"管制单元本体，描述空中交通管制单位的职责分区和管辖空域。在现实世界中对应区域管制中心或终端管制区实体，按职能分为进近管制、离场管制、航路管制和地面管制，每个单元管理特定的空域扇区。"
O_ExternalSystem,Ontology,O_Actor,1.0.0,"外部系统本体，描述与航班运行相关的信息系统的类型和接口。在现实世界中对应机场运营数据库（AODB）、航班运行控制（FOC）、维修系统（MRO）、协同决策系统（CDM）、空管流量管理（ATFM）等业务系统，这些系统产生事件并驱动业务流程。"
O_FlightPlan,Ontology,O_Object,1.0.0,"航班计划本体，描述航空公司或机场在航季内发布的计划航班时刻表信息。在现实世界中对应航班时刻表中的一条计划记录，包含计划起飞时间（STD）、计划到达时间（STA）、航线、机型等静态信息，在航季有效期内保持相对稳定，可能因调整产生版本变化。"
O_Flight,Ontology,O_Object,1.0.0,"运行航班本体，描述特定日期执行的航班实例的实时状态和时间演进信息。在现实世界中对应某一天某一班次的实际执行航班，具备计划时间、预计时间、实际时间三个时间维度（STD/ETD/ATD, STA/ETA/ATA），状态随航班执行过程从创建、计划、活跃、起飞、到达、落地到关闭逐步演进，是航班运行管理的核心对象。"
O_Event,Ontology,O_Object,1.0.0,"事件的抽象基类，描述系统对实体状态变化或关系变化的观测记录。在现实世界中对应业务系统检测到的状态改变事实，事件具备发生时间、严重等级、来源系统和自身生命周期状态（新建、处理中、已关闭、已归档），事件是触发自动化动作的唯一来源，不可修改只能关闭。"
O_FlightDelayedEvent,Ontology,O_Event,1.0.0,"航班延误事件，记录航班超过计划时间仍未起飞或到达的状态变化。在现实世界中对应航班实际起飞/到达时间晚于计划时间的事实，包含延误时长、延误阶段（起飞延误、到达延误、过站延误）和延误原因代码（天气WX、空管ATC、技术TECH、运营OPS等），是航班运行中最常见的异常事件类型。"
O_FlightPlanChangedEvent,Ontology,O_Event,1.0.0,"航班计划变更事件，记录航班时刻表层面的调整变化。在现实世界中对应航空公司或机场对已发布航班计划的修改操作，包括时间调整、航线变更、机型更换、航班取消等变更类型，包含变更前后的时间对比和变更原因，触发计划层和执行层的同步更新。"
O_FlightDepartureEvent,Ontology,O_Event,1.0.0,"航班起飞事件，记录飞机实际离地起飞的时刻和关键参数。在现实世界中对应飞机从跑道起飞离开地面的瞬间，包含实际起飞时间、使用跑道、实际起飞重量、机载燃油量等信息，是航班状态从地面阶段转入空中阶段的标志事件。"
O_FlightArrivalEvent,Ontology,O_Event,1.0.0,"航班到达事件，记录飞机降落并滑行至停机位的过程完成。在现实世界中对应飞机在目的地机场降落、脱离跑道并滑行至指定机位完成停靠的过程，包含实际到达时间、使用跑道、停靠机位和挡轮挡时间（Block Time），标志航班执行过程结束。"
O_ResourceConflictEvent,Ontology,O_Event,1.0.0,"资源冲突事件，记录机场资源分配中出现的时间重叠、容量超限或类型不匹配等冲突情况。在现实世界中对应登机口、机位、跑道等稀缺资源被多个航班同时申请或分配不当的情况，包含冲突资源类型、冲突描述和涉及的航班列表，触发资源重新分配流程。"
O_GateReassignedEvent,Ontology,O_Event,1.0.0,"登机口重新分配事件，记录航班使用的登机口发生变更。在现实世界中对应因计划调整、延误、冲突等原因导致航班原定登机口无法使用而重新分配新登机口的操作，包含原登机口、新登机口、变更原因和变更时间，需通知旅客和地面保障单位。"
O_RunwayClosedEvent,Ontology,O_Event,1.0.0,"跑道关闭事件，记录跑道因维护、天气、事故或外来物等原因暂时不可用的状态变化。在现实世界中对应跑道从可用状态转为关闭状态的事实，包含关闭原因（维护、天气、事故、FOD外来物）、关闭时间段和影响的航班列表，影响机场起降容量和航班调度。"
