对象名称,字段名,数据类型,必填,字段说明
O_Object,objectId,string,是,对象全局唯一标识符
O_Object,objectType,string,是,"对象类型名称，如Airport、Flight等"
O_Object,objectLayer,string,是,"对象所属层级，固定值Ontology"
O_Object,version,string,是,"本体结构版本号，格式如1.0.0"
O_Object,description,string,是,"对象功能描述，用于向量化检索"
O_Asset,assetId,string,是,资产唯一标识符
O_Asset,assetType,string,是,"资产类型，如Airport、Runway、Gate等"
O_Asset,assetName,string,是,资产名称
O_Asset,location,string,否,资产物理位置描述
O_Asset,status,enum,是,资产运行状态：Available（可用）、Occupied（占用中）、Maintenance（维护中）、OutOfService（停用）
O_Asset,objectLayer,string,是,固定值Ontology
O_Asset,version,string,是,版本号
O_Asset,description,string,是,资产功能描述
O_Airport,airportCode,string,是,机场代码（优先使用ICAO四字码）
O_Airport,airportName,string,是,机场全称
O_Airport,timezone,string,是,"机场所在时区，如Asia/Shanghai"
O_Airport,icaoCode,string,是,"ICAO四字码，如ZBAA（北京首都机场）"
O_Airport,iataCode,string,是,"IATA三字码，如PEK"
O_Airport,country,string,是,机场所属国家或地区
O_Airport,objectLayer,string,是,固定值Ontology
O_Airport,version,string,是,版本号
O_Airport,description,string,是,"机场功能描述，包含机场规模、地理位置、主要功能等信息"
O_Runway,runwayId,string,是,跑道唯一标识符
O_Runway,runwayDesignator,string,是,"跑道编号，如01L、19R，表示磁方位和左/右平行跑道"
O_Runway,category,enum,是,仪表着陆等级：CAT_I、CAT_II、CAT_III
O_Runway,length,int,是,跑道长度（米）
O_Runway,width,int,是,跑道宽度（米）
O_Runway,surfaceType,string,否,"道面类型，如沥青、混凝土"
O_Runway,status,enum,是,跑道状态：Available（可用）、Occupied（占用中）、Closed（关闭）、Maintenance（维护中）
O_Runway,objectLayer,string,是,固定值Ontology
O_Runway,version,string,是,版本号
O_Runway,description,string,是,"跑道功能描述，包含跑道用途、运行限制、容量等"
O_Gate,gateId,string,是,登机口唯一标识符
O_Gate,gateNumber,string,是,"登机口编号，如T3-52"
O_Gate,terminal,string,是,"所属航站楼，如T1、T2、T3"
O_Gate,gateType,enum,是,登机口类型：Contact（廊桥）、Remote（远机位）
O_Gate,aircraftCategories,array<string>,否,"适用飞机类别列表，如[A320, B737, A321]"
O_Gate,status,enum,是,登机口状态：Available（可用）、Occupied（占用中）、Closed（关闭）、Maintenance（维护中）
O_Gate,objectLayer,string,是,固定值Ontology
O_Gate,version,string,是,版本号
O_Gate,description,string,是,"登机口功能描述，包含位置、容纳能力、服务设施等"
O_ParkingStand,standId,string,是,机位唯一标识符
O_ParkingStand,standNumber,string,是,机位编号
O_ParkingStand,standCategory,string,否,机位类别描述
O_ParkingStand,standType,enum,是,机位类型：Contact（接触式）、Remote（远机位）、Cargo（货运）
O_ParkingStand,aircraftCategories,array<string>,否,适用飞机类别列表
O_ParkingStand,status,enum,是,机位状态：Available（可用）、Occupied（占用中）、Reserved（预留）、Maintenance（维护中）
O_ParkingStand,objectLayer,string,是,固定值Ontology
O_ParkingStand,version,string,是,版本号
O_ParkingStand,description,string,是,"机位功能描述，包含位置区域、停放限制、地面设施等"
O_Aircraft,aircraftId,string,是,飞机唯一标识符
O_Aircraft,registration,string,是,"飞机注册号，如B-1234"
O_Aircraft,aircraftType,string,是,"飞机型号，如A320-200、B737-800"
O_Aircraft,aircraftCategory,string,否,"飞机类别，如窄体机、宽体机"
O_Aircraft,operator,string,否,运营航空公司
O_Aircraft,status,enum,是,飞机状态：InService（在役）、Maintenance（维护中）、AOG（停场）、Parked（停放）
O_Aircraft,currentLocation,string,否,当前位置（机场代码或机位编号）
O_Aircraft,objectLayer,string,是,固定值Ontology
O_Aircraft,version,string,是,版本号
O_Aircraft,description,string,是,"飞机功能描述，包含机型特点、座位配置、运营范围等"
O_Actor,actorId,string,是,行为主体唯一标识符
O_Actor,actorType,string,是,"主体类型，如Tower、ATCUnit、ExternalSystem"
O_Actor,actorName,string,是,主体名称
O_Actor,contactInfo,string,否,联系方式（频率、接口地址等）
O_Actor,objectLayer,string,是,固定值Ontology
O_Actor,version,string,是,版本号
O_Actor,description,string,是,主体功能描述
O_Tower,towerId,string,是,塔台唯一标识符
O_Tower,towerName,string,是,塔台名称
O_Tower,region,string,否,"管辖区域，如Terminal 1、East Apron"
O_Tower,controlType,enum,是,管制类型：Ground（地面）、Tower（塔台）、Approach（进近）
O_Tower,frequency,string,否,"通信频率，如118.5 MHz"
O_Tower,objectLayer,string,是,固定值Ontology
O_Tower,version,string,是,版本号
O_Tower,description,string,是,"塔台功能描述，包含管制范围、职责、通信方式等"
O_ATCUnit,unitId,string,是,管制单元唯一标识符
O_ATCUnit,unitName,string,是,管制单元名称
O_ATCUnit,controlArea,string,否,管制区域描述
O_ATCUnit,unitType,enum,是,单元类型：Approach（进近）、Departure（离场）、Enroute（航路）、Ground（地面）
O_ATCUnit,sector,string,否,所属扇区
O_ATCUnit,objectLayer,string,是,固定值Ontology
O_ATCUnit,version,string,是,版本号
O_ATCUnit,description,string,是,"管制单元功能描述，包含管辖空域、高度范围、协调机制等"
O_ExternalSystem,systemId,string,是,系统唯一标识符
O_ExternalSystem,systemName,string,是,系统名称
O_ExternalSystem,systemType,enum,是,系统类型：AODB（机场运营数据库）、FOC（运控）、MRO（维修）、ADS（航空数据系统）、ATFM（流量管理）、CDM（协同决策）
O_ExternalSystem,vendor,string,否,系统供应商
O_ExternalSystem,apiEndpoint,string,否,API接口地址
O_ExternalSystem,objectLayer,string,是,固定值Ontology
O_ExternalSystem,version,string,是,版本号
O_ExternalSystem,description,string,是,"系统功能描述，包含业务范围、数据接口、集成方式等"
O_FlightPlan,planId,string,是,航班计划唯一标识符
O_FlightPlan,flightNumber,string,是,"航班号，如CA123"
O_FlightPlan,origin,string,是,起飞机场代码（ICAO或IATA）
O_FlightPlan,destination,string,是,目的地机场代码
O_FlightPlan,STD,datetime,是,计划起飞时间（Scheduled Time of Departure）
O_FlightPlan,STA,datetime,是,计划到达时间（Scheduled Time of Arrival）
O_FlightPlan,aircraftType,string,是,计划使用机型
O_FlightPlan,planStatus,enum,是,计划状态：Draft（草稿）、Published（已发布）、Updated（已更新）、Archived（已归档）、Canceled（已取消）
O_FlightPlan,seasonType,enum,否,航季类型：Summer（夏季）、Winter（冬季）
O_FlightPlan,effectiveDate,datetime,否,计划生效日期
O_FlightPlan,expiryDate,datetime,否,计划失效日期
O_FlightPlan,objectLayer,string,是,固定值Ontology
O_FlightPlan,version,string,是,版本号
O_FlightPlan,description,string,是,"航班计划功能描述，包含计划性质、适用周期、调整规则等"
O_Flight,flightId,string,是,航班唯一标识符（通常为航班号+日期）
O_Flight,flightNumber,string,是,航班号
O_Flight,flightDate,date,是,航班日期
O_Flight,origin,string,是,起飞机场代码
O_Flight,destination,string,是,目的地机场代码
O_Flight,aircraftType,string,是,实际使用机型
O_Flight,registration,string,否,飞机注册号
O_Flight,status,enum,是,航班状态：Created（已创建）、Planned（已计划）、Active（活跃）、Departed（已起飞）、Arrived（已到达）、Landed（已落地）、Closed（已关闭）、Canceled（已取消）
O_Flight,STD,datetime,是,计划起飞时间
O_Flight,STA,datetime,是,计划到达时间
O_Flight,ETD,datetime,否,预计起飞时间（Estimated Time of Departure）
O_Flight,ETA,datetime,否,预计到达时间（Estimated Time of Arrival）
O_Flight,ATD,datetime,否,实际起飞时间（Actual Time of Departure）
O_Flight,ATA,datetime,否,实际到达时间（Actual Time of Arrival）
O_Flight,delayMinutes,int,否,延误分钟数
O_Flight,delayCode,string,否,延误代码
O_Flight,scheduleSource,string,否,数据来源系统
O_Flight,objectLayer,string,是,固定值Ontology
O_Flight,version,string,是,版本号
O_Flight,description,string,是,"运行航班功能描述，包含状态演进规则、时间维度关系、资源依赖等"
O_Event,eventId,string,是,事件唯一标识符
O_Event,eventType,string,是,事件类型名称
O_Event,eventTime,datetime,是,事件发生时间
O_Event,severity,enum,是,严重等级：Info（信息）、Warning（警告）、Critical（严重）
O_Event,sourceSystem,string,是,事件来源系统
O_Event,eventStatus,enum,是,事件状态：New（新建）、Processing（处理中）、Closed（已关闭）、Archived（已归档）
O_Event,createdAt,datetime,是,事件创建时间
O_Event,processedAt,datetime,否,事件开始处理时间
O_Event,closedAt,datetime,否,事件关闭时间
O_Event,objectLayer,string,是,固定值Ontology
O_Event,version,string,是,版本号
O_Event,description,string,是,"事件功能描述，包含触发条件、影响范围、处理流程等"
O_FlightDelayedEvent,delayMinutes,int,是,延误时长（分钟）
O_FlightDelayedEvent,delayPhase,enum,是,延误阶段：DEP（起飞延误）、ARR（到达延误）、TURNAROUND（过站延误）
O_FlightDelayedEvent,reasonCode,string,是,延误原因代码
O_FlightDelayedEvent,reasonCategory,enum,是,延误原因类别：WX（天气）、ATC（空管）、TECH（技术）、OPS（运营）、MISC（其他）
O_FlightDelayedEvent,impactedFlightId,string,是,受影响的航班ID
O_FlightDelayedEvent,objectLayer,string,是,固定值Ontology
O_FlightDelayedEvent,version,string,是,版本号
O_FlightDelayedEvent,description,string,是,"延误事件功能描述，包含延误判定标准、影响评估、后续动作等"
O_FlightPlanChangedEvent,changeType,enum,是,变更类型：TimeChange（时间调整）、RouteChange（航线变更）、AircraftChange（机型更换）、Cancellation（取消）
O_FlightPlanChangedEvent,oldSTD,datetime,否,原计划起飞时间
O_FlightPlanChangedEvent,newSTD,datetime,否,新计划起飞时间
O_FlightPlanChangedEvent,oldSTA,datetime,否,原计划到达时间
O_FlightPlanChangedEvent,newSTA,datetime,否,新计划到达时间
O_FlightPlanChangedEvent,changeReason,string,是,变更原因
O_FlightPlanChangedEvent,initiatedBy,string,否,变更发起方
O_FlightPlanChangedEvent,objectLayer,string,是,固定值Ontology
O_FlightPlanChangedEvent,version,string,是,版本号
O_FlightPlanChangedEvent,description,string,是,"计划变更事件功能描述，包含变更流程、影响范围、同步机制等"
O_FlightDepartureEvent,departureTime,datetime,是,实际起飞时间
O_FlightDepartureEvent,runway,string,是,使用跑道编号
O_FlightDepartureEvent,actualWeight,int,否,实际起飞重量（千克）
O_FlightDepartureEvent,fuelOnBoard,int,否,机载燃油量（千克）
O_FlightDepartureEvent,objectLayer,string,是,固定值Ontology
O_FlightDepartureEvent,version,string,是,版本号
O_FlightDepartureEvent,description,string,是,"起飞事件功能描述，包含状态迁移规则、资源释放逻辑等"
O_FlightArrivalEvent,arrivalTime,datetime,是,实际到达时间
O_FlightArrivalEvent,runway,string,是,使用跑道编号
O_FlightArrivalEvent,parkingStand,string,否,停靠机位编号
O_FlightArrivalEvent,blockTime,datetime,否,挡轮挡时间（飞机完全停稳）
O_FlightArrivalEvent,objectLayer,string,是,固定值Ontology
O_FlightArrivalEvent,version,string,是,版本号
O_FlightArrivalEvent,description,string,是,"到达事件功能描述，包含状态迁移、资源占用、后续流程触发等"
O_ResourceConflictEvent,resourceType,enum,是,资源类型：Gate（登机口）、Stand（机位）、Runway（跑道）、Taxiway（滑行道）
O_ResourceConflictEvent,resourceId,string,是,冲突资源的唯一标识符
O_ResourceConflictEvent,conflictType,enum,是,冲突类型：TimeOverlap（时间重叠）、CapacityExceeded（容量超限）、TypeMismatch（类型不匹配）
O_ResourceConflictEvent,conflictingFlights,array<string>,是,产生冲突的航班ID列表
O_ResourceConflictEvent,conflictDescription,string,是,冲突详细描述
O_ResourceConflictEvent,objectLayer,string,是,固定值Ontology
O_ResourceConflictEvent,version,string,是,版本号
O_ResourceConflictEvent,description,string,是,"资源冲突事件功能描述，包含冲突检测规则、解决策略、优先级判定等"
O_GateReassignedEvent,flightId,string,是,航班唯一标识符
O_GateReassignedEvent,oldGateId,string,否,原登机口编号
O_GateReassignedEvent,newGateId,string,是,新登机口编号
O_GateReassignedEvent,reassignReason,string,是,重新分配原因
O_GateReassignedEvent,reassignTime,datetime,是,重新分配时间
O_GateReassignedEvent,objectLayer,string,是,固定值Ontology
O_GateReassignedEvent,version,string,是,版本号
O_GateReassignedEvent,description,string,是,"登机口重分配事件功能描述，包含分配算法、通知机制、旅客影响评估等"
O_RunwayClosedEvent,runwayId,string,是,跑道唯一标识符
O_RunwayClosedEvent,closureReason,enum,是,关闭原因：Maintenance（维护）、Weather（天气）、Accident（事故）、FOD（外来物）
O_RunwayClosedEvent,closureStartTime,datetime,是,关闭开始时间
O_RunwayClosedEvent,closureEndTime,datetime,否,预计关闭结束时间
O_RunwayClosedEvent,impactedFlights,array<string>,否,受影响的航班列表
O_RunwayClosedEvent,objectLayer,string,是,固定值Ontology
O_RunwayClosedEvent,version,string,是,版本号
O_RunwayClosedEvent,description,string,是,"跑道关闭事件功能描述，包含容量影响计算、备用方案、流量调整等"
