关系名称,源对象,目标对象,方向,多重性,必需性,version,description（用于向量化）
UsesGate_LT,O_Flight,O_Gate,Flight → Gate,1:0..1,Optional,1.0.0,"描述运行航班与登机口的使用关系。在现实世界中对应航班在地面阶段占用特定登机口进行旅客登离机操作，一个航班在同一时刻最多使用一个登机口，登机口可以被多个航班在不同时间段使用。该关系受时间窗口约束，同一登机口不可在重叠时间段内被多个航班占用。"
UsesRunway_LT,O_Flight,O_Runway,Flight → Runway,1:1,Required,1.0.0,"描述航班在起飞或降落阶段与跑道的使用关系。在现实世界中对应飞机在起飞离地或降落接地时占用跑道的事实，每次起飞或降落必须指定一条跑道，跑道使用必须满足最小安全间隔（Wake Turbulence尾流间隔），该关系具有瞬时性和排他性。"
ParkedAt_LT,O_Flight,O_ParkingStand,Flight → Stand,1:0..1,Optional,1.0.0,"描述航班在地面阶段与停机位的占用关系。在现实世界中对应飞机在航站楼或停机坪指定区域停放的事实，用于过站、装卸、维护等地面保障作业，机位分配受飞机型号限制，一个航班在地面阶段占用一个机位，该关系在航班到达后建立、起飞前释放。"
AssignedTo_LT,O_Aircraft,O_Flight,Aircraft → Flight,1:N,Required,1.0.0,"描述飞机实体与其执行的航班实例的分配关系。在现实世界中对应特定注册号的飞机在某一天执行特定航班任务的事实，一架飞机可以在一天内执行多个航班（轮转），但同一时刻只能执行一个航班，后续航班的起飞时间必须晚于前序航班到达时间加最小过站时间（Turnaround Time）。"
OriginAirport_LT,O_Flight,O_Airport,Flight → Airport,1:1,Required,1.0.0,"描述航班的起飞机场归属关系。在现实世界中对应航班从哪个机场起飞的固有属性，每个航班有且仅有一个起飞机场，该关系在航班创建时确定且通常不变更。"
DestinationAirport_LT,O_Flight,O_Airport,Flight → Airport,1:1,Required,1.0.0,"描述航班的目的地机场归属关系。在现实世界中对应航班计划降落的机场，每个航班有且仅有一个目的地机场，该关系在航班创建时确定，除非发生备降或返航等特殊情况。"
InvolvesFlight_LT,O_Event,O_Flight,Event → Flight,N:1,Required,1.0.0,"描述事件对象与其影响的航班实体的关联关系。在现实世界中对应事件发生时作用于哪个航班的语义，如延误事件涉及某航班、计划变更事件影响某航班，一个事件通常涉及一个航班，一个航班可能产生多个事件，该关系是事件驱动模型的核心语义连接。"
OccursAtAirport_LT,O_Event,O_Airport,Event → Airport,N:1,Optional,1.0.0,"描述事件发生的地理位置归属。在现实世界中对应事件在哪个机场范围内发生，如跑道关闭事件、资源冲突事件等，该关系用于按机场过滤和统计事件，支持多机场协同场景下的事件分发。"
UsesResource_LT,O_Event,O_Asset,Event → Asset,N:1,Optional,1.0.0,"描述事件与其涉及的资产实体的关联关系。在现实世界中对应资源相关事件（如资源冲突、登机口变更、跑道关闭）与具体资源的绑定关系，该关系明确了事件的作用对象，支持基于资源的事件查询和影响分析。"
ReportedBy_LT,O_Event,O_ExternalSystem,Event → System,N:1,Required,1.0.0,"描述事件的来源系统归属。在现实世界中对应事件由哪个业务系统检测并上报的事实，如AODB系统上报延误事件、CDM系统上报时刻变更事件，该关系用于追溯事件来源、验证数据权威性、建立系统间数据溯源。"
ManagesRunway_LT,O_Airport,O_Runway,Airport → Runway,1:N,-,1.0.0,"描述机场对其跑道设施的管理归属关系。在现实世界中对应机场基础设施的组织结构，一个机场管理多条跑道，每条跑道归属唯一机场，该关系支持按机场查询可用跑道、计算机场容量等功能。"
ManagesGate_LT,O_Airport,O_Gate,Airport → Gate,1:N,-,1.0.0,"描述机场对登机口设施的管理归属关系。在现实世界中对应航站楼登机口的归属结构，支持按机场或航站楼查询登机口、分配航班登机口等功能。"
ManagesStand_LT,O_Airport,O_ParkingStand,Airport → Stand,1:N,-,1.0.0,"描述机场对停机位设施的管理归属关系。在现实世界中对应机场停机坪区域的组织结构，支持机位资源的层级管理和容量计算。"
ControlsRunway_LT,O_Tower,O_Runway,Tower → Runway,1:N,-,1.0.0,"描述塔台对跑道的管制权限关系。在现实世界中对应塔台管制单位负责特定跑道的起降指挥职责，该关系明确了管制责任分区，支持跑道使用许可的审批流程和通知机制。"
ManagesFlight_LT,O_ATCUnit,O_Flight,ATCUnit → Flight,1:N,-,1.0.0,"描述管制单元对航班的管辖关系。在现实世界中对应进近、离场、航路管制单位在特定空域或阶段对航班的管制责任，该关系支持按管制扇区分配航班、协调移交等功能。"
ProducesEvent_LT,O_ExternalSystem,O_Event,System → Event,1:N,-,1.0.0,"描述外部系统产生事件的能力关系。在现实世界中对应业务系统作为事件源向知识图谱持续推送事件数据的机制，该关系明确了系统的事件生产职责，支持事件流的路由和溯源。"
