关系名称,触发事件,目标对象,version,description（用于向量化）
NotifyTower_AT,O_FlightDelayedEvent,O_Tower,1.0.0,"描述航班延误事件触发向塔台发送通知的动作。在现实业务流程中，当航班延误超过一定阈值（如15分钟）时，系统自动向塔台管制单位推送延误信息，包含航班号、延误时长、延误原因，使塔台提前调整起降时刻排序和跑道使用计划。该动作更新航班状态为Delayed，记录延误分钟数，具备幂等性避免重复通知。"
CheckGateConflict_AT,O_FlightDelayedEvent,O_Gate,1.0.0,"描述航班延误事件触发登机口冲突检测的动作。在现实业务流程中，延误导致航班地面时间延长，可能与后续航班的登机口使用时间窗口重叠，系统自动检查延误后的新时间范围是否与其他航班冲突，若检测到时间重叠则触发ResourceConflictEvent，启动登机口重新分配流程。"
UpdatePlan_AT,O_FlightPlanChangedEvent,O_FlightPlan,1.0.0,"描述航班计划变更事件触发计划对象更新的动作。在现实业务流程中，当航空公司或机场调整航班时刻表时，系统将新的STD/STA写入计划层对象，更新planStatus为Updated状态，同时记录变更历史用于审计，该动作是计划层数据维护的核心机制。"
SyncToFlight_AT,O_FlightPlanChangedEvent,O_Flight,1.0.0,"描述航班计划变更同步到执行层的动作。在现实业务流程中，计划层的时间调整需要传播到当天已创建的执行层航班实例，系统检查执行层航班是否存在，若存在则同步更新STD/STA/ETD/ETA等时间字段，保持计划层与执行层的一致性，该动作是双层模型同步的关键环节。"
ReassignGate_AT,O_ResourceConflictEvent,O_Flight,1.0.0,"描述资源冲突事件触发登机口重新分配的动作。在现实业务流程中，当检测到登机口时间冲突时，系统按照优先级规则（如远近期航班、宽窄体机型、航司优先级）自动或半自动重新分配可用登机口，更新航班的gateId字段，同时触发GateReassignedEvent通知地面保障单位和旅客，该动作是资源冲突解决的核心机制。"
AlertConflict_AT,O_ResourceConflictEvent,O_Tower,1.0.0,"描述资源冲突事件触发告警通知的动作。在现实业务流程中，当资源分配出现冲突且无法自动解决时，系统向塔台或调度中心发送告警消息，包含冲突类型、涉及航班、冲突时间段等详细信息，支持人工介入决策，该动作是异常升级处理的机制。"
UpdateStatus_Departed_AT,O_FlightDepartureEvent,O_Flight,1.0.0,"描述航班起飞事件触发航班状态更新为已起飞的动作。在现实业务流程中，当ADS-B或塔台系统上报飞机起飞事实时，系统将航班状态从Active迁移到Departed，记录实际起飞时间ATD，该状态迁移触发一系列后续动作如释放登机口、更新跑道占用、通知后续航班等，是航班状态机的关键迁移节点。"
ReleaseGate_AT,O_FlightDepartureEvent,O_Gate,1.0.0,"描述航班起飞后释放登机口资源的动作。在现实业务流程中，起飞航班在离开登机口滑出后，系统将对应登机口状态从Occupied更新为Available，使该登机口可以被分配给后续到达航班使用，该动作是资源动态分配的核心环节，直接影响机场容量和周转效率。"
UpdateStatus_Arrived_AT,O_FlightArrivalEvent,O_Flight,1.0.0,"描述航班到达事件触发航班状态更新为已到达的动作。在现实业务流程中，当飞机降落并滑行至机位完成停靠时，系统将航班状态从Departed迁移到Arrived，记录实际到达时间ATA和挡轮挡时间BlockTime，该状态迁移标志航班执行结束，触发后续的过站保障流程。"
ReleaseRunway_AT,O_FlightArrivalEvent,O_Runway,1.0.0,"描述航班降落后释放跑道资源的动作。在现实业务流程中，降落航班脱离跑道后，系统将跑道状态从Occupied更新为Available，使跑道可以被下一架航班使用，该动作受Wake Turbulence尾流间隔约束，必须满足最小时间间隔后才能释放，是跑道容量管理的关键机制。"
